{
  "src": [
    "./assets/sounds/SOUND_FILE.mp3",
    "./assets/sounds/SOUND_FILE.ogg"
  ],
  "sprite": {
    "fail": [
      0,
      2150.0226757369614
    ],
    "success": [
      3500,
      4437.482993197279
    ],
    "btn_click": [
      9000,
      221.47392290249357
    ],
    "relax_loop": [
      10500,
      8273.764172335603,
      true
    ],
    "grass_step": [
      20000,
      835.9183673469381
    ],
    "regular_step": [
      21500,
      604.1496598639462
    ],
    "water_step": [
      23000,
      770.6349206349223
    ],
    "anticipation": [
      24500,
      6360.634920634922
    ],
    "custom-button": [
      32000,
      100.00000000000142
    ],
    "spin-button": [
      33500,
      176.80272108843553
    ],
    "coin": [
      35000,
      1750.2040816326528
    ],
    "reel-spin": [
      37500,
      2869.7959183673447,
      true
    ],
    "fs-game-loop": [
      41000,
      18725.963718820865,
      true
    ],
    "fs-trasition1": [
      60500,
      8000,
      true
    ],
    "fs-trasition2": [
      69000,
      12000,
      true
    ],
    "main-game-loop": [
      81500,
      10663.4693877551,
      true
    ],
    "yeah": [
      93000,
      1490.2040816326548
    ],
    "wow": [
      95500,
      2302.018140589567
    ],
    "wheel_win": [
      99000,
      3300.0226757369546
    ],
    "short_swing": [
      103500,
      510.8390022675735
    ],
    "swing": [
      105000,
      911.4512471655303
    ]
  }
}